title,price,link,image
غير متوفر,غير متوفر,غير متوفر,https://m.media-amazon.com/images/I/71wk6xXIzPL._AC_SX148_SY213_QL70_.jpg
غير متوفر,غير متوفر,غير متوفر,https://m.media-amazon.com/images/I/510k2fryw3L._AC_SX148_SY213_QL70_.jpg
غير متوفر,899.,غير متوفر,https://m.media-amazon.com/images/I/71gBafGM5FL._AC_SX148_SY213_QL70_.jpg
غير متوفر,غير متوفر,غير متوفر,https://m.media-amazon.com/images/I/815uX7wkOZS._AC_SX148_SY213_QL70_.jpg
غير متوفر,299.,غير متوفر,https://m.media-amazon.com/images/I/61gKkYQn6lL._AC_SX148_SY213_QL70_.jpg
غير متوفر,199.,غير متوفر,https://m.media-amazon.com/images/I/718gBqWNVJL._AC_SX148_SY213_QL70_.jpg
غير متوفر,غير متوفر,غير متوفر,https://m.media-amazon.com/images/I/61uE03cRsyS._AC_SX148_SY213_QL70_.jpg
غير متوفر,299.,غير متوفر,https://m.media-amazon.com/images/I/81J4NJ9ZiGL._AC_SX148_SY213_QL70_.jpg
غير متوفر,399.,غير متوفر,https://m.media-amazon.com/images/I/71ioErWlYBL._AC_SX148_SY213_QL70_.jpg
غير متوفر,298.,غير متوفر,https://m.media-amazon.com/images/I/71jlSUFSt-L._AC_SX148_SY213_QL70_.jpg
غير متوفر,490.,غير متوفر,https://m.media-amazon.com/images/I/71RkN3WRIBL._AC_SX148_SY213_QL70_.jpg
غير متوفر,135.,غير متوفر,https://m.media-amazon.com/images/I/614Jk1dIoGL._AC_SX148_SY213_QL70_.jpg
غير متوفر,509.,غير متوفر,https://m.media-amazon.com/images/I/71jnYgMljgL._AC_SX148_SY213_QL70_.jpg
غير متوفر,879.,غير متوفر,https://m.media-amazon.com/images/I/71BpEYXeGRL._AC_SX148_SY213_QL70_.jpg
غير متوفر,249.,غير متوفر,https://m.media-amazon.com/images/I/81divYKpeTL._AC_SX148_SY213_QL70_.jpg
غير متوفر,579.,غير متوفر,https://m.media-amazon.com/images/I/71iiPJhLTBL._AC_SX148_SY213_QL70_.jpg
غير متوفر,389.,غير متوفر,https://m.media-amazon.com/images/I/71mpxUqUemL._AC_SX148_SY213_QL70_.jpg
غير متوفر,379.,غير متوفر,https://m.media-amazon.com/images/I/71Vel20+qUL._AC_SX148_SY213_QL70_.jpg
غير متوفر,599.,غير متوفر,https://m.media-amazon.com/images/I/81fEsw811jL._AC_SX148_SY213_QL70_.jpg
غير متوفر,199.,غير متوفر,https://m.media-amazon.com/images/I/71wBex7BntL._AC_SX148_SY213_QL70_.jpg
غير متوفر,579.,غير متوفر,https://m.media-amazon.com/images/I/71TN6dLVcsL._AC_SX148_SY213_QL70_.jpg
غير متوفر,159.,غير متوفر,https://m.media-amazon.com/images/I/71jjl9etV8L._AC_SX148_SY213_QL70_.jpg
غير متوفر,199.,غير متوفر,https://m.media-amazon.com/images/I/71SWGBdy56L._AC_SX148_SY213_QL70_.jpg
غير متوفر,"1,249.",غير متوفر,https://m.media-amazon.com/images/I/71F-Wcriq4L._AC_SX148_SY213_QL70_.jpg
غير متوفر,309.,غير متوفر,https://m.media-amazon.com/images/I/61Uw0-2+2YL._AC_SX148_SY213_QL70_.jpg
غير متوفر,"1,323.",غير متوفر,https://m.media-amazon.com/images/I/81GrCeuCzxL._AC_SX148_SY213_QL70_.jpg
غير متوفر,838.,غير متوفر,https://m.media-amazon.com/images/I/71CGrFl8cjL._AC_SX148_SY213_QL70_.jpg
غير متوفر,229.,غير متوفر,https://m.media-amazon.com/images/I/710PiERgasL._AC_SX148_SY213_QL70_.jpg
غير متوفر,199.,غير متوفر,https://m.media-amazon.com/images/I/71dxO5qXigL._AC_SX148_SY213_QL70_.jpg
غير متوفر,540.,غير متوفر,https://m.media-amazon.com/images/I/71U1dCuGXLL._AC_SX148_SY213_QL70_.jpg
غير متوفر,199.,غير متوفر,https://m.media-amazon.com/images/I/718gBqWNVJL._AC_SX148_SY213_QL70_.jpg
غير متوفر,165.,غير متوفر,https://m.media-amazon.com/images/I/616aCuRtnpL._AC_SX148_SY213_QL70_.jpg
غير متوفر,369.,غير متوفر,https://m.media-amazon.com/images/I/71sbZ7peiCL._AC_SX148_SY213_QL70_.jpg
غير متوفر,304.,غير متوفر,https://m.media-amazon.com/images/I/71pTP-ll4sL._AC_SX148_SY213_QL70_.jpg
غير متوفر,645.,غير متوفر,https://m.media-amazon.com/images/I/71DHV9GZSOL._AC_SX148_SY213_QL70_.jpg
غير متوفر,409.,غير متوفر,https://m.media-amazon.com/images/I/61gtA51qlDL._AC_SX148_SY213_QL70_.jpg
غير متوفر,579.,غير متوفر,https://m.media-amazon.com/images/I/71+-FrISjyL._AC_SX148_SY213_QL70_.jpg
غير متوفر,399.,غير متوفر,https://m.media-amazon.com/images/I/71-JhX42MZL._AC_SX148_SY213_QL70_.jpg
غير متوفر,229.,غير متوفر,https://m.media-amazon.com/images/I/61iCliVCz+L._AC_SX148_SY213_QL70_.jpg
غير متوفر,369.,غير متوفر,https://m.media-amazon.com/images/I/81+Vk0q2-5L._AC_SX148_SY213_QL70_.jpg
